Address,Suburb,State,Postcode,Agency,Agent,Date Listed,Price,Property Type,Bedrooms,Link
3 Banksia St,Northvale,NSW,2990,Example Realty,Taylor Mockley,14/06/2026,"$850,000 - $900,000",House,3,
10 Seaview Pde,Easton Park,NSW,2991,Sample Property Group,Casey Fictional,28/06/2026,"Offers over $1,200,000",House,4,
3/17 Jacaranda Ct,Riverbend,NSW,2992,Placeholder Estate Agents,Morgan Madeup,05/07/2026,Auction,Unit,2,
24 Kingfisher Cres,Hillcrest Bay,NSW,2993,Demo Homes & Land,Riley Pretend,12/07/2026,Contact agent,Townhouse,3,
31 Station St,Northvale,NSW,2990,Example Realty,Jamie Notreal,19/07/2026,Contact agent,Unit,1,
38 Wattle Ave,Easton Park,NSW,2991,Our Agency (demo),Avery Example,22/07/2026,"$1,450,000",House,5,
45 Fig Tree Lane,Riverbend,NSW,2992,Placeholder Estate Agents,Quinn Sample,26/07/2026,Contact agent,House,3,
52 Lighthouse Tce,Hillcrest Bay,NSW,2993,Demo Homes & Land,Drew Placeholder,26/07/2026,"$850,000 - $900,000",House,4,
9/59 Ironbark Dr,Northvale,NSW,2990,Example Realty,Harper Testcase,27/07/2026,"$1,450,000",Unit,2,
66 Paperbark Way,Easton Park,NSW,2991,Sample Property Group,Rowan Demo,27/07/2026,Contact agent,Townhouse,3,
73 Harbour Rd,Riverbend,NSW,2992,Placeholder Estate Agents,Sydney Mockley,27/07/2026,"$1,450,000",Unit,1,
80 Grevillea Cl,Hillcrest Bay,NSW,2993,Demo Homes & Land,Blake Fictional,30/07/2026,"Offers over $1,200,000",House,5,
87 Banksia St,Northvale,NSW,2990,Example Realty,Emerson Madeup,05/08/2026,Contact agent,House,3,
4 Seaview Pde,Easton Park,NSW,2991,Sample Property Group,Reese Pretend,07/08/2026,Contact agent,House,4,
6/11 Jacaranda Ct,Riverbend,NSW,2992,Placeholder Estate Agents,Parker Notreal,13/08/2026,Auction,Unit,2,
18 Kingfisher Cres,Hillcrest Bay,NSW,2993,Demo Homes & Land,Hayden Example,20/08/2026,Auction,Townhouse,3,
25 Station St,Northvale,NSW,2990,Our Agency (demo),Logan Sample,25/08/2026,Contact agent,Unit,1,
32 Wattle Ave,Easton Park,NSW,2991,Sample Property Group,Alex Placeholder,01/09/2026,"Offers over $1,200,000",House,5,
39 Fig Tree Lane,Riverbend,NSW,2992,Placeholder Estate Agents,Sam Testcase,06/09/2026,Contact agent,House,3,
46 Lighthouse Tce,Hillcrest Bay,NSW,2993,Demo Homes & Land,Jordan Demo,13/09/2026,"$1,450,000",House,4,
3/53 Ironbark Dr,Northvale,NSW,2990,Example Realty,Taylor Mockley,19/09/2026,Auction,Unit,2,
60 Paperbark Way,Easton Park,NSW,2991,Sample Property Group,Casey Fictional,25/09/2026,Contact agent,Townhouse,3,
67 Harbour Rd,Riverbend,NSW,2992,Placeholder Estate Agents,Morgan Madeup,30/09/2026,"$1,450,000",Unit,1,
74 Grevillea Cl,Hillcrest Bay,NSW,2993,Demo Homes & Land,Riley Pretend,06/06/2026,Contact agent,House,5,
81 Banksia St,Northvale,NSW,2990,Example Realty,Jamie Notreal,08/07/2026,"Offers over $1,200,000",House,3,
88 Seaview Pde,Easton Park,NSW,2991,Sample Property Group,Avery Example,23/07/2026,"$1,450,000",House,4,
9/5 Jacaranda Ct,Riverbend,NSW,2992,Placeholder Estate Agents,Quinn Sample,25/06/2026,Contact agent,Unit,2,
12 Kingfisher Cres,Hillcrest Bay,NSW,2993,Our Agency (demo),Drew Placeholder,01/08/2026,"$1,450,000",Townhouse,3,
19 Station St,Northvale,NSW,2990,Example Realty,Harper Testcase,08/08/2026,"$1,450,000",Unit,1,
26 Wattle Ave,Easton Park,NSW,2991,Sample Property Group,Rowan Demo,15/07/2026,Auction,House,5,
