First Name,Surname,Mobile,Email,Street Address,Suburb,Postcode,Do Not Call,Notes
Alex,Example,0491 570 100,alex.example@example.com,3 Banksia Street,Northvale,2990,,
Sam,Sample,0491 570 101,sam.sample@example.com,10 Seaview Parade,Easton Park,2991,,
Jordan,Placeholder,0491 570 102,jordan.placeholder@example.com,"Unit 3, 17 Jacaranda Court",Riverbend,2992,,
Taylor,Testcase,0491 570 103,taylor.testcase@example.com,24 Kingfisher Crescent,Hillcrest Bay,2993,,
Rowan,Testcase,0491 570 203,,24 Kingfisher Crescent,Hillcrest Bay,2993,,
Casey,Demo,0491 570 104,casey.demo@example.com,31 Station Street,,2990,,
Morgan,Mockley,0491 570 105,morgan.mockley@example.com,38 Wattle Avenue,Easton Park,2991,,
Jamie,Madeup,0491 570 107,jamie.madeup@example.com,52 Lighthouse Terrace,Hillcrest Bay,2993,,
Avery,Pretend,0491 570 108,avery.pretend@example.com,"Unit 9, 59 Ironbark Drive",Northvale,2990,,
Quinn,Notreal,0491 570 109,quinn.notreal@example.com,66 Paperbark Way,Easton Park,2991,,
Drew,Example,0491 570 110,drew.example@example.com,73 Harbour Road,Riverbend,2992,,
Harper,Sample,0491 570 111,harper.sample@example.com,80 Grevillea Close,Hillcrest Bay,2993,,
Alex,Sample,0491 570 211,,80 Grevillea Close,Hillcrest Bay,2993,,
Rowan,Placeholder,0491 570 112,rowan.placeholder@example.com,87 Banksia Street,Northvale,2990,Yes,
Blake,Demo,0491 570 114,blake.demo@example.com,"Unit 6, 11 Jacaranda Court",Riverbend,2992,,
Emerson,Mockley,0491 570 115,emerson.mockley@example.com,18 Kingfisher Crescent,Hillcrest Bay,2993,,
Reese,Fictional,0491 570 116,reese.fictional@example.com,25 Station Street,Northvale,2990,,
Parker,Madeup,0491 570 117,parker.madeup@example.com,32 Wattle Avenue,Easton Park,2991,,
Hayden,Pretend,0491 570 118,hayden.pretend@example.com,39 Fig Tree Lane,Riverbend,2992,,
Logan,Notreal,0491 570 119,logan.notreal@example.com,46 Lighthouse Terrace,Hillcrest Bay,2993,,
Avery,Notreal,0491 570 219,,46 Lighthouse Terrace,Hillcrest Bay,2993,,
Sam,Sample,0491 570 121,sam.sample@example.com,60 Paperbark Way,Easton Park,2991,,
Jordan,Placeholder,0491 570 122,jordan.placeholder@example.com,67 Harbour Road,,2992,,
Taylor,Testcase,0491 570 123,taylor.testcase@example.com,74 Grevillea Close,Hillcrest Bay,2993,,
Casey,Demo,0491 570 124,casey.demo@example.com,81 Banksia Street,Northvale,2990,,
Morgan,Mockley,0491 570 125,morgan.mockley@example.com,88 Seaview Parade,Easton Park,2991,Yes,
Riley,Fictional,0491 570 126,riley.fictional@example.com,"Unit 9, 5 Jacaranda Court",Riverbend,2992,,
Avery,Pretend,0491 570 128,avery.pretend@example.com,19 Station Street,Northvale,2990,,
Quinn,Notreal,0491 570 129,quinn.notreal@example.com,26 Wattle Avenue,Easton Park,2991,,
Jamie,Placeholder,0491 570 300,,200 Banksia St,Northvale,2990,,
Avery,Testcase,0491 570 301,,201 Wattle Ave,Easton Park,2991,,
Quinn,Demo,0491 570 302,,202 Harbour Rd,Riverbend,2992,,
Drew,Mockley,0491 570 303,,203 Kingfisher Cres,Hillcrest Bay,2993,,
Harper,Fictional,0491 570 304,,204 Ironbark Dr,Northvale,2990,,
Rowan,Madeup,0491 570 305,,205 Seaview Pde,Easton Park,2991,,
Sydney,Pretend,0491 570 306,,206 Fig Tree Lane,Riverbend,2992,,
Blake,Notreal,0491 570 307,,207 Grevillea Cl,Hillcrest Bay,2993,,
Emerson,Example,0491 570 308,,208 Station St,Northvale,2990,,
Reese,Sample,0491 570 309,,209 Paperbark Way,Easton Park,2991,,
Parker,Placeholder,0491 570 310,,210 Jacaranda Ct,Riverbend,2992,,
Hayden,Testcase,0491 570 311,,211 Lighthouse Tce,Hillcrest Bay,2993,,
Logan,Demo,0491 570 312,,212 Banksia St,Northvale,2990,,
Alex,Mockley,0491 570 313,,213 Wattle Ave,Easton Park,2991,,
Sam,Fictional,0491 570 314,,214 Harbour Rd,Riverbend,2992,,
Jordan,Madeup,0491 570 315,,215 Kingfisher Cres,Hillcrest Bay,2993,,
Taylor,Pretend,0491 570 316,,216 Ironbark Dr,Northvale,2990,,
Casey,Notreal,0491 570 317,,217 Seaview Pde,Easton Park,2991,,
Morgan,Example,0491 570 318,,218 Fig Tree Lane,Riverbend,2992,,
Riley,Sample,0491 570 319,,219 Grevillea Cl,Hillcrest Bay,2993,,
Jamie,Placeholder,0491 570 320,,220 Station St,Northvale,2990,,
Avery,Testcase,0491 570 321,,221 Paperbark Way,Easton Park,2991,,
Quinn,Demo,0491 570 322,,222 Jacaranda Ct,Riverbend,2992,,
Drew,Mockley,0491 570 323,,223 Lighthouse Tce,Hillcrest Bay,2993,,
Harper,Fictional,0491 570 324,,224 Banksia St,Northvale,2990,,
